use db_loja;


/*INSERT INTO fornecedor(razaoSocial, nomeFantasia, inscricaoEstadual, cnpj, produtoServico, endereco, cep, cidade, estado, email, website, observacoes)
VALUES('ABC' ,'A', '1113344', '11222333000100', 'Carro', 'Avenida Paulista', 89809617, 'São Paulo', 'SP', 'abc@gmail.com', 'abc.com', 'sem observação');

INSERT INTO fornecedor(razaoSocial, nomeFantasia, inscricaoEstadual, cnpj, produtoServico, endereco, cep, cidade, estado, email, website, observacoes)
VALUES('CDE' ,'C', '12345678', '22333444000111', 'Moto', 'Avenida Sandra', 4989742, 'São Paulo', 'SP', 'cde@gmail.com', 'cde.com', 'sem observação');

INSERT INTO fornecedor(razaoSocial, nomeFantasia, inscricaoEstadual, cnpj, produtoServico, endereco, cep, cidade, estado, email, website, observacoes)
VALUES('EFG' ,'E', '49844981', '22333444000122', 'Bicicleta', 'Avenida Fernando', '8098418', 'Chapeco', 'SC', 'efg@gmail.com', 'efg.com', 'sem observação');

INSERT INTO fornecedor(razaoSocial, nomeFantasia, inscricaoEstadual, cnpj, produtoServico, endereco, cep, cidade, estado, email, website, observacoes)
VALUES('GHI' ,'G', '53434534', '334445550001', 'Mecanica', 'Avenida Nereu', 8435487, 'Chapeco', 'SC', 'ghi@gmail.com', 'ghi.com', 'sem observação');

INSERT INTO fornecedor(razaoSocial, nomeFantasia, inscricaoEstadual, cnpj, produtoServico, endereco, cep, cidade, estado, email, website, observacoes)
VALUES('IJK' ,'I', '3453894', '44555666000144', 'Livro', 'Avenida Getulio', 453787345, 'Chapeco', 'SC', 'ijk@gmail.com', 'ijk.com', 'sem observação');

INSERT INTO fornecedor(razaoSocial, nomeFantasia, inscricaoEstadual, cnpj, produtoServico, endereco, cep, cidade, estado, email, website, observacoes)
VALUES('KLM' ,'K', '6876345', '77888999000155', 'Jogos', 'Avenida Trevo', 7345324, 'Rio de Janeiro', 'RJ', 'klm@gmail.com', 'klm.com', 'sem observação');

INSERT INTO fornecedor(razaoSocial, nomeFantasia, inscricaoEstadual, cnpj, produtoServico, endereco, cep, cidade, estado, email, website, observacoes)
VALUES('MNO' ,'M', '4538453', '99888777000166', 'Pc´s', 'Avenida Bagual', 345376, 'Xaxim', 'RS', 'mno@gmail.com', 'mno.com', 'sem observação');

INSERT INTO fornecedor(razaoSocial, nomeFantasia, inscricaoEstadual, cnpj, produtoServico, endereco, cep, cidade, estado, email, website, observacoes)
VALUES('OPQ' ,'O', '123798', '88777666000177', 'Monitores', 'Avenida Bala', 165498, 'Rio de Janeiro', 'RJ', 'opq@gmail.com', 'opq.com', 'sem observação');

INSERT INTO fornecedor(razaoSocial, nomeFantasia, inscricaoEstadual, cnpj, produtoServico, endereco, cep, cidade, estado, email, website, observacoes)
VALUES('QRS' ,'Q', '8736543', '66777888000188', 'Comidas', 'Avenida Sol', 4537897, 'Salvador', 'BA', 'stu@gmail.com', 'qrs.com', 'sem observação');

INSERT INTO fornecedor(razaoSocial, nomeFantasia, inscricaoEstadual, cnpj, produtoServico, endereco, cep, cidade, estado, email, website, observacoes)
VALUES('STU' ,'S', '3453877', '55244312000199', 'Roupas', 'Avenida Flor', 25215387, 'São Paulo', 'SP', 'stu@gmail.com', 'stu.com', 'sem observação');*/

/*INSERT INTO livro(nome, isbn13, isbn10, dataPublicacao, preco)
VALUES('CEM ANOS DE SOLIDÃO', 'as4d6as', 'ad4as5d', 1982, 250);

INSERT INTO livro(nome, isbn13, isbn10, dataPublicacao, preco)
VALUES('CRIME E CASTIGO', 'dasd48a', 'sa6da2.', 1990, 150);

INSERT INTO livro(nome, isbn13, isbn10, dataPublicacao, preco)
VALUES('ORGULHO E PRECONCEITO', 'd8sad8', 'daw6d', 1970, 100);

INSERT INTO livro(nome, isbn13, isbn10, dataPublicacao, preco)
VALUES('O SENHOR DOS ANÉIS', 'asda84', 'dasd64', 2000, 170);

INSERT INTO livro(nome, isbn13, isbn10, dataPublicacao, preco)
VALUES('DOM QUIXOTE', 'dfs55', 'asd26', 1600, 180);

INSERT INTO livro(nome, isbn13, isbn10, dataPublicacao, preco)
VALUES('O PEQUENO PRÍNCIPE', 'dsa4d6', '9879sd', 1920, 50);

INSERT INTO livro(nome, isbn13, isbn10, dataPublicacao, preco)
VALUES('O GRANDE GATSBY', 'das7d98', 'hfgj4g6h.', 1925, 230);

INSERT INTO livro(nome, isbn13, isbn10, dataPublicacao, preco)
VALUES('A ILÍADA', 't8hgf5', 'sad64', 1980, 130);

INSERT INTO livro(nome, isbn13, isbn10, dataPublicacao, preco)
VALUES('GEORGE ORWELLS', 'trhrh2', 'f1sd65f', 1984, 270);

INSERT INTO livro(nome, isbn13, isbn10, dataPublicacao, preco)
VALUES('FRANKENSTEIN', 'ytre123', 'adf498', 1800, 280);*/



/*INSERT INTO material(nome) VALUES('cimento');
INSERT INTO material(nome) VALUES('areia');
INSERT INTO material(nome) VALUES('tijolos');
INSERT INTO material(nome) VALUES('epi´s');
INSERT INTO material(nome) VALUES('abafador');
INSERT INTO material(nome) VALUES('cinto de protecao');
INSERT INTO material(nome) VALUES('botas');
INSERT INTO material(nome) VALUES('pá');
INSERT INTO material(nome) VALUES('britadeira');
INSERT INTO material(nome) VALUES('martelo');*/

/*INSERT INTO mensagem(mensagem, remetente, destinatario, data, hora)
VALUES('Confirmada', 'Loja 1', 'Cliente 1', '23/07/2022', '14:00');

INSERT INTO mensagem(mensagem, remetente, destinatario, data, hora)
VALUES('Em transtio', 'Loja 2', 'Cliente 2', '22/05/2022', '14:20');

INSERT INTO mensagem(mensagem, remetente, destinatario, data, hora)
VALUES('Em transtio', 'Loja 3', 'Cliente 3', '12/09/2021', '18:20');

INSERT INTO mensagem(mensagem, remetente, destinatario, data, hora)
VALUES('Aguardando Pagamento', 'Loja 4', 'Cliente 4', '12/06/2022', '18:00');

INSERT INTO mensagem(mensagem, remetente, destinatario, data, hora)
VALUES('Aguardando Pagamento', 'Loja 5', 'Cliente 5', '30/10/2022', '10:40');

INSERT INTO mensagem(mensagem, remetente, destinatario, data, hora)
VALUES('Confirmada', 'Loja 6', 'Cliente 6', '07/04/2022', '11:00');

INSERT INTO mensagem(mensagem, remetente, destinatario, data, hora)
VALUES('Confirmada', 'Loja 7', 'Cliente 7', '13/01/2022', '09:00');

INSERT INTO mensagem(mensagem, remetente, destinatario, data, hora)
VALUES('Entregue', 'Loja 8', 'Cliente 8', '17/09/2021', '10:40');

INSERT INTO mensagem(mensagem, remetente, destinatario, data, hora)
VALUES('Confirmada', 'Loja 9', 'Cliente 9', '07/07/2022', '15:00');

INSERT INTO mensagem(mensagem, remetente, destinatario, data, hora)
VALUES('Cancelada', 'Loja 10', 'Cliente 10', '17/04/2022', '12:59');*/


/*INSERT INTO prioridade(nome) VALUE('Alta');
INSERT INTO prioridade(nome) VALUE('Media');
INSERT INTO prioridade(nome) VALUE('Baixa');
INSERT INTO prioridade(nome) VALUE('Alta');
INSERT INTO prioridade(nome) VALUE('Media');
INSERT INTO prioridade(nome) VALUE('Alta');
INSERT INTO prioridade(nome) VALUE('Media');
INSERT INTO prioridade(nome) VALUE('Baixa');
INSERT INTO prioridade(nome) VALUE('Media');
INSERT INTO prioridade(nome) VALUE('Baixa');*/


/*INSERT INTO professor(nome, sobrenome, disciplina, data_admissao, data_nascimento, celular)
VALUES('Alexandre', 'Silva', 'Java', '10/07/2010', '05/07/1980', 988551122);

INSERT INTO professor(nome, sobrenome, disciplina, data_admissao, data_nascimento, celular)
VALUES('Pedro', 'Ramos', 'HTMl', '10/07/2012', '05/07/1990', 988158732);

INSERT INTO professor(nome, sobrenome, disciplina, data_admissao, data_nascimento, celular)
VALUES('Alex', 'Capeleti', 'Educacao Fisica', '12/07/2017', '05/07/1987', 988759473);

INSERT INTO professor(nome, sobrenome, disciplina, data_admissao, data_nascimento, celular)
VALUES('Fernando', 'Maguire', 'Biologia', '17/12/2005', '05/07/1970', 988147593);

INSERT INTO professor(nome, sobrenome, disciplina, data_admissao, data_nascimento, celular)
VALUES('Eduardo', 'Martins', 'Lógica e Algoritmos', '24/08/2007', '05/07/1970', 988987423);

INSERT INTO professor(nome, sobrenome, disciplina, data_admissao, data_nascimento, celular)
VALUES('Mauricio', 'Pereira', 'CSS', '07/04/2007', '05/07/1975', 988148752);

INSERT INTO professor(nome, sobrenome, disciplina, data_admissao, data_nascimento, celular)
VALUES('Arthur', 'Emanuel', 'Fisica', '12/11/2010', '09/07/1994', 988147852);

INSERT INTO professor(nome, sobrenome, disciplina, data_admissao, data_nascimento, celular)
VALUES('Diego', 'Carro', 'historia', '19/08/2015', '15/04/1977', 988149578);

INSERT INTO professor(nome, sobrenome, disciplina, data_admissao, data_nascimento, celular)
VALUES('Katia', 'Muller', 'Ingles', '20/11/2019', '15/07/1970', 988134957);

INSERT INTO professor(nome, sobrenome, disciplina, data_admissao, data_nascimento, celular)
VALUES('Mayke', 'Zonin', 'Geogragia', '24/08/2017', '03/07/1970', 988789412);*/

/*INSERT INTO setor(nome, sigla) VALUES('Tecnologia da Informação','TI');
INSERT INTO setor(nome, sigla) VALUES('Recursos Humanos','RH');
INSERT INTO setor(nome, sigla) VALUES('Departamento Pessoal','DP');
INSERT INTO setor(nome, sigla) VALUES('Financeiro','FI');
INSERT INTO setor(nome, sigla) VALUES('Desenvolvedor','DEV');
INSERT INTO setor(nome, sigla) VALUES('Marketing Digital','MD');
INSERT INTO setor(nome, sigla) VALUES('Beneficios da Empresa','BE');
INSERT INTO setor(nome, sigla) VALUES('Beneficiamento de Tripas','BET');
INSERT INTO setor(nome, sigla) VALUES('Operador de Empilhadeira','ODE');
INSERT INTO setor(nome, sigla) VALUES('Operador de Maquinas','ODM');*/

/*INSERT INTO usuario(nome, email, celular, setor, filial, login, senha)
VALUES('Pedro', 'pedro@gmail.com', 988551122, 'Tecnologia da Informação', 'universidade perros da silva', 'pedro', 'pedro123');

INSERT INTO usuario(nome, email, celular, setor, filial, login, senha)
VALUES('Diego', 'diego@gmail.com', 988158732, 'Recursos Humanos', 'filial dos pedreiros', 'diego', 'diego123');

INSERT INTO usuario(nome, email, celular, setor, filial, login, senha)
VALUES('Mauricio', 'mauricio@gmail.com', 988759473, 'Departamento Pessoal', 'filial universal internacional', 'mauricio', 'mauricio123');

INSERT INTO usuario(nome, email, celular, setor, filial, login, senha)
VALUES('Arthur', 'arthur@gmail.com', 988987423, 'Financeiro', 'filial organizada dos arquieros', 'arthur', 'arthur123');

INSERT INTO usuario(nome, email, celular, setor, filial, login, senha)
VALUES('Laura', 'laura@gmail.com', 988148752, 'Desenvolvedor', 'filial principal', 'laura', 'laura123');

INSERT INTO usuario(nome, email, celular, setor, filial, login, senha)
VALUES('Amanda', 'amanda@gmail.com', 988147852, 'Marketing Digital', 'filial alimenticia', 'amanda', 'amanda123');

INSERT INTO usuario(nome, email, celular, setor, filial, login, senha)
VALUES('Icaro', 'icaro@gmail.com', 988149578, 'Beneficios da Empresa', 'filial dos amigos', 'icaro', 'icaro123');

INSERT INTO usuario(nome, email, celular, setor, filial, login, senha)
VALUES('Lucas', 'lucas@gmail.com', 988134957, 'Beneficiamento de Tripas', 'filial dos filiados', 'lucas', 'lucas123');

INSERT INTO usuario(nome, email, celular, setor, filial, login, senha)
VALUES('Luis', 'luis@gmail.com', 988789412, 'Operador de Empilhadeira', 'filial dos devs', 'luis', 'luis123');

INSERT INTO usuario(nome, email, celular, setor, filial, login, senha)
VALUES('Emily', 'emily@gmail.com', 988529421, 'Operador de Maquinas', 'filial unicao', 'emily', 'emily123');

select * from db_loja.usuario*/
